Days,Datetime,Container,CPU %,MemUsage / Limit,Mem %, Block I/O
1,01/12/19-22:24:13,mongo,25.98%,3.493GiB / 7.696GiB,45.38%,12.5GB / 58.3GB
1,01/12/19-22:24:45,mongo,71.40%,3.496GiB / 7.696GiB,45.43%,12.5GB / 58.4GB
2,01/12/19-22:24:58,mongo,22.63%,3.496GiB / 7.696GiB,45.42%,12.5GB / 58.4GB
2,01/12/19-22:25:30,mongo,24.59%,3.495GiB / 7.696GiB,45.42%,12.5GB / 58.6GB
3,01/12/19-22:25:50,mongo,23.65%,3.497GiB / 7.696GiB,45.44%,12.5GB / 58.7GB
3,01/12/19-22:26:22,mongo,24.35%,3.497GiB / 7.696GiB,45.43%,12.5GB / 58.9GB
4,01/12/19-22:26:45,mongo,23.37%,3.497GiB / 7.696GiB,45.44%,12.5GB / 58.9GB
4,01/12/19-22:27:18,mongo,24.10%,3.496GiB / 7.696GiB,45.43%,12.5GB / 59.1GB
5,01/12/19-22:27:45,mongo,32.48%,3.496GiB / 7.696GiB,45.42%,12.5GB / 59.1GB
5,01/12/19-22:28:18,mongo,35.79%,3.495GiB / 7.696GiB,45.41%,12.5GB / 59.4GB
5,01/12/19-22:28:50,6,01/12/19-22:28:50,mongo,15.22%,3.494GiB / 7.696GiB,45.39%,12.5GB / 59.4GB
mongo,23.31%,3.494GiB / 7.696GiB,45.39%,12.5GB / 59.4GB
6,01/12/19-22:29:22,mongo,23.33%,3.493GiB / 7.696GiB,45.38%,12.5GB / 59.6GB
6,01/12/19-22:29:54,mongo,18.28%,3.497GiB / 7.696GiB,45.44%,12.5GB / 59.6GB
7,01/12/19-22:29:59,mongo,40.37%,3.497GiB / 7.696GiB,45.44%,12.5GB / 59.7GB
7,01/12/19-22:30:32,mongo,23.72%,3.496GiB / 7.696GiB,45.43%,12.5GB / 59.9GB
7,01/12/19-22:31:04,mongo,18.85%,3.497GiB / 7.696GiB,45.44%,12.5GB / 59.9GB
8,01/12/19-22:31:13,mongo,24.16%,3.497GiB / 7.696GiB,45.44%,12.5GB / 59.9GB
8,01/12/19-22:31:45,mongo,70.34%,3.498GiB / 7.696GiB,45.45%,12.5GB / 60GB
8,01/12/19-22:32:17,mongo,18.82%,3.498GiB / 7.696GiB,45.45%,12.5GB / 60.1GB
9,01/12/19-22:32:30,mongo,23.63%,3.498GiB / 7.696GiB,45.45%,12.5GB / 60.1GB
9,01/12/19-22:33:03,mongo,24.07%,3.498GiB / 7.696GiB,45.45%,12.5GB / 60.2GB
9,01/12/19-22:33:35,mongo,18.40%,3.498GiB / 7.696GiB,45.45%,12.5GB / 60.4GB
10,01/12/19-22:33:52,mongo,24.55%,3.497GiB / 7.696GiB,45.44%,12.5GB / 60.4GB
10,01/12/19-22:34:24,mongo,58.61%,3.497GiB / 7.696GiB,45.43%,12.5GB / 60.6GB
10,01/12/19-22:34:56,mongo,19.43%,3.499GiB / 7.696GiB,45.46%,12.5GB / 60.6GB
11,01/12/19-22:35:19,mongo,36.79%,3.498GiB / 7.696GiB,45.46%,12.5GB / 60.6GB
11,01/12/19-22:35:51,mongo,23.66%,3.498GiB / 7.696GiB,45.45%,12.5GB / 60.8GB
11,01/12/19-22:36:23,mongo,30.65%,3.498GiB / 7.696GiB,45.45%,12.5GB / 60.8GB
12,01/12/19-22:36:52,mongo,24.58%,3.497GiB / 7.696GiB,45.44%,12.5GB / 60.9GB
12,01/12/19-22:37:24,mongo,24.29%,3.499GiB / 7.696GiB,45.46%,12.5GB / 60.9GB
12,01/12/19-22:37:56,mongo,21.80%,3.498GiB / 7.696GiB,45.45%,12.5GB / 61.1GB
12,01/12/19-22:38:28,mongo,24.79%,3.498GiB / 7.696GiB,45.45%,12.5GB / 61.1GB
13,01/12/19-22:38:33,mongo,23.67%,3.498GiB / 7.696GiB,45.45%,12.5GB / 61.1GB
13,01/12/19-22:39:06,mongo,25.26%,3.498GiB / 7.696GiB,45.45%,12.5GB / 61.2GB
13,01/12/19-22:39:38,mongo,25.06%,3.497GiB / 7.696GiB,45.44%,12.5GB / 61.3GB
13,01/12/19-22:40:10,mongo,45.00%,3.481GiB / 7.696GiB,45.23%,12.5GB / 61.3GB
14,01/12/19-22:40:19,mongo,24.78%,3.48GiB / 7.696GiB,45.22%,12.5GB / 61.3GB
14,01/12/19-22:40:51,mongo,23.88%,3.48GiB / 7.696GiB,45.22%,12.5GB / 61.5GB
14,01/12/19-22:41:23,mongo,41.10%,3.41GiB / 7.696GiB,44.30%,12.5GB / 61.5GB
14,01/12/19-22:41:55,mongo,84.18%,3.476GiB / 7.696GiB,45.16%,12.5GB / 61.5GB
15,01/12/19-22:42:16,mongo,24.27%,3.476GiB / 7.696GiB,45.16%,12.5GB / 61.5GB
15,01/12/19-22:42:48,mongo,33.86%,3.476GiB / 7.696GiB,45.16%,12.5GB / 61.7GB
15,01/12/19-22:43:20,mongo,18.92%,3.477GiB / 7.696GiB,45.17%,12.5GB / 61.7GB
15,01/12/19-22:43:52,mongo,60.64%,3.474GiB / 7.696GiB,45.13%,12.5GB / 61.8GB
16,01/12/19-22:44:21,mongo,23.91%,3.48GiB / 7.696GiB,45.21%,12.5GB / 61.8GB
16,01/12/19-22:44:53,mongo,44.79%,3.48GiB / 7.696GiB,45.22%,12.5GB / 62GB
16,01/12/19-22:45:25,mongo,29.30%,3.478GiB / 7.696GiB,45.19%,12.5GB / 62GB
16,01/12/19-22:45:57,mongo,40.24%,3.474GiB / 7.696GiB,45.14%,12.5GB / 62.1GB
16,01/12/19-22:46:29,mongo,32.64%,3.506GiB / 7.696GiB,45.55%,12.5GB / 62.1GB
17,01/12/19-22:46:36,mongo,23.66%,3.504GiB / 7.696GiB,45.53%,12.5GB / 62.1GB
17,01/12/19-22:47:09,mongo,24.74%,3.513GiB / 7.696GiB,45.64%,12.5GB / 62.2GB
17,01/12/19-22:47:41,mongo,40.62%,3.515GiB / 7.696GiB,45.67%,12.5GB / 62.2GB
17,01/12/19-22:48:13,mongo,44.68%,3.513GiB / 7.696GiB,45.65%,12.5GB / 62.3GB
17,01/12/19-22:48:45,mongo,45.54%,3.51GiB / 7.696GiB,45.61%,12.5GB / 62.3GB
18,01/12/19-22:48:57,mongo,24.31%,3.509GiB / 7.696GiB,45.60%,12.5GB / 62.3GB
18,01/12/19-22:49:30,mongo,37.30%,3.51GiB / 7.696GiB,45.60%,12.5GB / 62.4GB
18,01/12/19-22:50:02,mongo,45.01%,3.508GiB / 7.696GiB,45.58%,12.5GB / 62.5GB
18,01/12/19-22:50:34,mongo,74.76%,3.505GiB / 7.696GiB,45.54%,12.5GB / 62.5GB
18,01/12/19-22:51:06,mongo,58.90%,3.5GiB / 7.696GiB,45.48%,12.5GB / 62.5GB
19,01/12/19-22:51:34,mongo,24.08%,3.498GiB / 7.696GiB,45.45%,12.5GB / 62.5GB
19,01/12/19-22:52:06,mongo,25.22%,3.509GiB / 7.696GiB,45.59%,12.5GB / 62.7GB
19,01/12/19-22:52:38,mongo,41.86%,3.514GiB / 7.696GiB,45.66%,12.5GB / 62.7GB
19,01/12/19-22:53:10,mongo,39.46%,3.514GiB / 7.696GiB,45.66%,12.5GB / 62.8GB
19,01/12/19-22:53:42,mongo,76.77%,3.515GiB / 7.696GiB,45.67%,12.5GB / 62.8GB
19,01/12/19-22:54:14,mongo,45.23%,3.513GiB / 7.696GiB,45.64%,12.5GB / 62.8GB
20,01/12/19-22:54:19,mongo,23.57%,3.513GiB / 7.696GiB,45.64%,12.5GB / 62.8GB
20,01/12/19-22:54:51,mongo,27.23%,3.516GiB / 7.696GiB,45.69%,12.5GB / 62.9GB
20,01/12/19-22:55:23,mongo,46.23%,3.524GiB / 7.696GiB,45.78%,12.5GB / 63GB
20,01/12/19-22:55:55,mongo,103.12%,3.522GiB / 7.696GiB,45.76%,12.5GB / 63GB
20,01/12/19-22:56:28,mongo,42.08%,3.519GiB / 7.696GiB,45.73%,12.5GB / 63.1GB
20,01/12/19-22:57:00,mongo,76.45%,3.52GiB / 7.696GiB,45.74%,12.5GB / 63.1GB
21,01/12/19-22:57:12,mongo,23.91%,3.52GiB / 7.696GiB,45.73%,12.5GB / 63.1GB
21,01/12/19-22:57:44,mongo,64.64%,3.521GiB / 7.696GiB,45.75%,12.5GB / 63.2GB
21,01/12/19-22:58:16,mongo,43.98%,3.518GiB / 7.696GiB,45.71%,12.5GB / 63.3GB
21,01/12/19-22:58:48,mongo,42.95%,3.517GiB / 7.696GiB,45.69%,12.5GB / 63.3GB
21,01/12/19-22:59:20,mongo,53.52%,3.514GiB / 7.696GiB,45.65%,12.5GB / 63.3GB
21,01/12/19-22:59:52,mongo,37.95%,3.504GiB / 7.696GiB,45.52%,12.5GB / 63.3GB
22,01/12/19-23:00:16,mongo,24.14%,3.523GiB / 7.696GiB,45.77%,12.5GB / 63.3GB
22,01/12/19-23:00:48,mongo,24.57%,3.526GiB / 7.696GiB,45.81%,12.5GB / 63.4GB
22,01/12/19-23:01:20,mongo,50.24%,3.525GiB / 7.696GiB,45.81%,12.5GB / 63.4GB
22,01/12/19-23:01:52,mongo,37.62%,3.525GiB / 7.696GiB,45.80%,12.5GB / 63.4GB
22,01/12/19-23:02:24,mongo,81.87%,3.523GiB / 7.696GiB,45.77%,12.5GB / 63.4GB
22,01/12/19-23:02:56,mongo,75.83%,3.52GiB / 7.696GiB,45.73%,12.5GB / 63.4GB
23,01/12/19-23:03:18,mongo,25.13%,3.517GiB / 7.696GiB,45.70%,12.5GB / 63.5GB
23,01/12/19-23:03:50,mongo,53.31%,3.518GiB / 7.696GiB,45.71%,12.5GB / 63.5GB
23,01/12/19-23:04:22,mongo,44.74%,3.515GiB / 7.696GiB,45.67%,12.5GB / 63.7GB
23,01/12/19-23:04:54,mongo,37.99%,3.513GiB / 7.696GiB,45.64%,12.5GB / 63.7GB
23,01/12/19-23:05:27,mongo,37.13%,3.507GiB / 7.696GiB,45.56%,12.5GB / 63.7GB
23,01/12/19-23:05:59,mongo,41.27%,3.503GiB / 7.696GiB,45.51%,12.5GB / 63.7GB
23,01/12/19-23:06:31,mongo,56.14%,3.5GiB / 7.696GiB,45.47%,12.5GB / 63.7GB
24,01/12/19-23:06:40,mongo,24.70%,3.498GiB / 7.696GiB,45.45%,12.5GB / 63.7GB
24,01/12/19-23:07:12,mongo,23.78%,3.507GiB / 7.696GiB,45.57%,12.5GB / 63.9GB
24,01/12/19-23:07:44,mongo,48.97%,3.519GiB / 7.696GiB,45.72%,12.5GB / 63.9GB
24,01/12/19-23:08:16,mongo,38.14%,3.533GiB / 7.696GiB,45.91%,12.5GB / 63.9GB
24,01/12/19-23:08:48,mongo,43.71%,3.513GiB / 7.696GiB,45.65%,12.5GB / 63.9GB
24,01/12/19-23:09:21,mongo,42.26%,3.509GiB / 7.696GiB,45.59%,12.5GB / 63.9GB
24,01/12/19-23:09:53,mongo,19.34%,3.506GiB / 7.696GiB,45.55%,12.5GB / 63.9GB
25,01/12/19-23:10:16,mongo,24.18%,3.504GiB / 7.696GiB,45.52%,12.5GB / 63.9GB
25,01/12/19-23:10:48,mongo,33.14%,3.508GiB / 7.696GiB,45.58%,12.5GB / 64GB
25,01/12/19-23:11:20,mongo,66.64%,3.508GiB / 7.696GiB,45.58%,12.5GB / 64.1GB
25,01/12/19-23:11:52,mongo,42.85%,3.507GiB / 7.696GiB,45.56%,12.5GB / 64.1GB
25,01/12/19-23:12:24,mongo,41.83%,3.503GiB / 7.696GiB,45.52%,12.5GB / 64.1GB
25,01/12/19-23:12:56,mongo,54.07%,3.501GiB / 7.696GiB,45.49%,12.5GB / 64.1GB
25,01/12/19-23:13:28,mongo,63.66%,3.498GiB / 7.696GiB,45.45%,12.5GB / 64.1GB
26,01/12/19-23:13:52,mongo,24.11%,3.389GiB / 7.696GiB,44.03%,12.5GB / 64.1GB
26,01/12/19-23:14:24,mongo,29.61%,3.415GiB / 7.696GiB,44.37%,12.5GB / 64.3GB
26,01/12/19-23:14:56,mongo,40.13%,3.413GiB / 7.696GiB,44.34%,12.5GB / 64.4GB
26,01/12/19-23:15:28,mongo,43.63%,3.41GiB / 7.696GiB,44.30%,12.5GB / 64.4GB
26,01/12/19-23:16:01,mongo,70.34%,3.439GiB / 7.696GiB,44.68%,12.5GB / 64.4GB
26,01/12/19-23:16:33,mongo,39.16%,3.44GiB / 7.696GiB,44.69%,12.5GB / 64.4GB
26,01/12/19-23:17:05,mongo,43.87%,3.438GiB / 7.696GiB,44.67%,12.5GB / 64.4GB
27,01/12/19-23:17:36,mongo,23.75%,3.436GiB / 7.696GiB,44.64%,12.5GB / 64.4GB
27,01/12/19-23:18:09,mongo,40.26%,3.439GiB / 7.696GiB,44.68%,12.5GB / 64.5GB
27,01/12/19-23:18:41,mongo,95.82%,3.441GiB / 7.696GiB,44.70%,12.5GB / 64.6GB
27,01/12/19-23:19:13,mongo,30.83%,3.463GiB / 7.696GiB,44.99%,12.5GB / 64.6GB
27,01/12/19-23:19:45,mongo,87.63%,3.504GiB / 7.696GiB,45.53%,12.5GB / 64.6GB
27,01/12/19-23:20:17,mongo,43.90%,3.498GiB / 7.696GiB,45.45%,12.5GB / 64.6GB
27,01/12/19-23:20:49,mongo,67.12%,3.495GiB / 7.696GiB,45.41%,12.5GB / 64.6GB
27,01/12/19-23:21:21,mongo,39.43%,3.494GiB / 7.696GiB,45.39%,12.5GB / 64.6GB
28,01/12/19-23:21:32,mongo,24.03%,3.492GiB / 7.696GiB,45.38%,12.5GB / 64.6GB
28,01/12/19-23:22:04,mongo,66.59%,3.501GiB / 7.696GiB,45.50%,12.5GB / 64.7GB
28,01/12/19-23:22:36,mongo,59.13%,3.52GiB / 7.696GiB,45.73%,12.5GB / 64.8GB
28,01/12/19-23:23:08,mongo,87.60%,3.518GiB / 7.696GiB,45.70%,12.5GB / 64.8GB
28,01/12/19-23:23:40,mongo,45.48%,3.515GiB / 7.696GiB,45.67%,12.5GB / 64.8GB
28,01/12/19-23:24:13,mongo,41.59%,3.513GiB / 7.696GiB,45.64%,12.5GB / 64.8GB
28,01/12/19-23:24:45,mongo,42.67%,3.509GiB / 7.696GiB,45.59%,12.5GB / 64.8GB
28,01/12/19-23:25:17,mongo,78.53%,3.506GiB / 7.696GiB,45.55%,12.5GB / 64.8GB
29,01/12/19-23:25:38,mongo,24.28%,3.505GiB / 7.696GiB,45.54%,12.5GB / 64.8GB
29,01/12/19-23:26:10,mongo,24.69%,3.51GiB / 7.696GiB,45.60%,12.5GB / 64.9GB
29,01/12/19-23:26:42,mongo,46.13%,3.511GiB / 7.696GiB,45.62%,12.5GB / 65GB
29,01/12/19-23:27:14,mongo,40.27%,3.509GiB / 7.696GiB,45.59%,12.5GB / 65GB
29,01/12/19-23:27:46,mongo,68.49%,3.506GiB / 7.696GiB,45.55%,12.5GB / 65GB
29,01/12/19-23:28:18,mongo,40.07%,3.502GiB / 7.696GiB,45.50%,12.5GB / 65GB
29,01/12/19-23:28:50,mongo,78.99%,3.499GiB / 7.696GiB,45.46%,12.5GB / 65GB
29,01/12/19-23:29:22,mongo,41.80%,3.498GiB / 7.696GiB,45.45%,12.5GB / 65GB
29,01/12/19-23:29:54,30,01/12/19-23:29:55,mongo,24.49%,3.495GiB / 7.696GiB,45.41%,12.5GB / 65GB
mongo,24.49%,3.495GiB / 7.696GiB,45.41%,12.5GB / 65GB
30,01/12/19-23:30:27,mongo,99.08%,3.52GiB / 7.696GiB,45.73%,12.5GB / 65.1GB
30,01/12/19-23:30:59,mongo,45.41%,3.536GiB / 7.696GiB,45.94%,12.5GB / 65.3GB
30,01/12/19-23:31:31,mongo,73.98%,3.534GiB / 7.696GiB,45.92%,12.5GB / 65.3GB
30,01/12/19-23:32:03,mongo,51.72%,3.53GiB / 7.696GiB,45.86%,12.5GB / 65.3GB
30,01/12/19-23:32:36,mongo,55.61%,3.528GiB / 7.696GiB,45.83%,12.5GB / 65.3GB
30,01/12/19-23:33:08,mongo,86.88%,3.524GiB / 7.696GiB,45.79%,12.5GB / 65.3GB
30,01/12/19-23:33:40,mongo,79.10%,3.522GiB / 7.696GiB,45.77%,12.5GB / 65.3GB
30,01/12/19-23:34:12,31,01/12/19-23:34:13,mongo,20.83%,3.519GiB / 7.696GiB,45.73%,12.5GB / 65.3GB
mongo,23.78%,3.519GiB / 7.696GiB,45.73%,12.5GB / 65.3GB
31,01/12/19-23:34:45,mongo,24.28%,3.53GiB / 7.696GiB,45.87%,12.5GB / 65.5GB
31,01/12/19-23:35:17,mongo,88.99%,3.535GiB / 7.696GiB,45.93%,12.5GB / 65.5GB
31,01/12/19-23:35:49,mongo,45.65%,3.534GiB / 7.696GiB,45.91%,12.5GB / 65.6GB
31,01/12/19-23:36:22,mongo,99.35%,3.532GiB / 7.696GiB,45.89%,12.5GB / 65.6GB
31,01/12/19-23:36:54,mongo,88.85%,3.529GiB / 7.696GiB,45.86%,12.5GB / 65.6GB
31,01/12/19-23:37:26,mongo,41.37%,3.526GiB / 7.696GiB,45.82%,12.5GB / 65.6GB
31,01/12/19-23:37:58,mongo,58.32%,3.522GiB / 7.696GiB,45.76%,12.5GB / 65.6GB
31,01/12/19-23:38:30,mongo,48.00%,3.521GiB / 7.696GiB,45.75%,12.5GB / 65.6GB
32,01/12/19-23:38:41,mongo,25.18%,3.52GiB / 7.696GiB,45.73%,12.5GB / 65.6GB
32,01/12/19-23:39:13,mongo,38.06%,3.529GiB / 7.696GiB,45.85%,12.5GB / 65.7GB
32,01/12/19-23:39:45,mongo,79.47%,3.526GiB / 7.696GiB,45.81%,12.5GB / 65.8GB
32,01/12/19-23:40:18,mongo,94.59%,3.526GiB / 7.696GiB,45.81%,12.5GB / 65.8GB
32,01/12/19-23:40:50,mongo,102.97%,3.524GiB / 7.696GiB,45.79%,12.5GB / 65.8GB
32,01/12/19-23:41:22,mongo,48.40%,3.522GiB / 7.696GiB,45.76%,12.5GB / 65.8GB
32,01/12/19-23:41:54,mongo,61.39%,3.52GiB / 7.696GiB,45.73%,12.5GB / 65.8GB
32,01/12/19-23:42:26,mongo,63.05%,3.521GiB / 7.696GiB,45.75%,12.5GB / 65.8GB
32,01/12/19-23:42:58,mongo,41.49%,3.516GiB / 7.696GiB,45.69%,12.5GB / 65.8GB
33,01/12/19-23:43:23,mongo,24.87%,3.516GiB / 7.696GiB,45.68%,12.5GB / 65.8GB
33,01/12/19-23:43:55,mongo,24.72%,3.534GiB / 7.696GiB,45.92%,12.5GB / 66GB
33,01/12/19-23:44:27,mongo,80.26%,3.532GiB / 7.696GiB,45.89%,12.5GB / 66GB
33,01/12/19-23:45:00,mongo,38.44%,3.531GiB / 7.696GiB,45.88%,12.5GB / 66.1GB
33,01/12/19-23:45:32,mongo,38.91%,3.529GiB / 7.696GiB,45.85%,12.5GB / 66.1GB
33,01/12/19-23:46:04,mongo,41.59%,3.529GiB / 7.696GiB,45.86%,12.5GB / 66.1GB
33,01/12/19-23:46:36,mongo,104.32%,3.525GiB / 7.696GiB,45.80%,12.5GB / 66.1GB
33,01/12/19-23:47:08,mongo,96.46%,3.523GiB / 7.696GiB,45.78%,12.5GB / 66.1GB
33,01/12/19-23:47:41,mongo,48.75%,3.522GiB / 7.696GiB,45.77%,12.5GB / 66.1GB
33,01/12/19-23:48:13,34,01/12/19-23:48:13,mongo,15.21%,3.521GiB / 7.696GiB,45.75%,12.5GB / 66.1GB
mongo,26.22%,3.521GiB / 7.696GiB,45.75%,12.5GB / 66.1GB
34,01/12/19-23:48:46,mongo,25.53%,3.526GiB / 7.696GiB,45.82%,12.5GB / 66.3GB
34,01/12/19-23:49:18,mongo,76.61%,3.534GiB / 7.696GiB,45.91%,12.5GB / 66.3GB
34,01/12/19-23:49:50,mongo,42.98%,3.532GiB / 7.696GiB,45.89%,12.5GB / 66.4GB
34,01/12/19-23:50:22,mongo,44.49%,3.525GiB / 7.696GiB,45.81%,12.5GB / 66.4GB
34,01/12/19-23:50:54,mongo,56.51%,3.521GiB / 7.696GiB,45.75%,12.5GB / 66.4GB
34,01/12/19-23:51:26,mongo,41.00%,3.515GiB / 7.696GiB,45.67%,12.5GB / 66.4GB
34,01/12/19-23:51:58,mongo,58.56%,3.514GiB / 7.696GiB,45.65%,12.5GB / 66.4GB
34,01/12/19-23:52:30,mongo,38.18%,3.42GiB / 7.696GiB,44.43%,12.5GB / 66.4GB
34,01/12/19-23:53:02,mongo,40.47%,3.415GiB / 7.696GiB,44.37%,12.5GB / 66.4GB
35,01/12/19-23:53:11,mongo,24.06%,3.414GiB / 7.696GiB,44.36%,12.5GB / 66.4GB
35,01/12/19-23:53:43,mongo,24.75%,3.429GiB / 7.696GiB,44.55%,12.5GB / 66.5GB
35,01/12/19-23:54:15,mongo,76.51%,3.443GiB / 7.696GiB,44.74%,12.5GB / 66.6GB
35,01/12/19-23:54:47,mongo,42.16%,3.437GiB / 7.696GiB,44.66%,12.5GB / 66.6GB
35,01/12/19-23:55:19,mongo,38.23%,3.438GiB / 7.696GiB,44.67%,12.5GB / 66.6GB
35,01/12/19-23:55:51,mongo,44.81%,3.435GiB / 7.696GiB,44.63%,12.5GB / 66.6GB
35,01/12/19-23:56:24,mongo,42.93%,3.431GiB / 7.696GiB,44.58%,12.5GB / 66.6GB
35,01/12/19-23:56:56,mongo,61.77%,3.427GiB / 7.696GiB,44.52%,12.5GB / 66.6GB
35,01/12/19-23:57:28,mongo,60.29%,3.424GiB / 7.696GiB,44.49%,12.5GB / 66.6GB
35,01/12/19-23:58:00,mongo,84.94%,3.423GiB / 7.696GiB,44.48%,12.5GB / 66.6GB
36,01/12/19-23:58:12,mongo,25.17%,3.423GiB / 7.696GiB,44.47%,12.5GB / 66.6GB
36,01/12/19-23:58:44,mongo,24.10%,3.446GiB / 7.696GiB,44.77%,12.5GB / 66.7GB
36,01/12/19-23:59:16,mongo,70.78%,3.444GiB / 7.696GiB,44.75%,12.5GB / 66.8GB
36,01/12/19-23:59:48,mongo,41.20%,3.441GiB / 7.696GiB,44.71%,12.5GB / 66.8GB
36,02/12/19-00:00:20,mongo,89.10%,3.439GiB / 7.696GiB,44.68%,12.5GB / 66.8GB
36,02/12/19-00:00:52,mongo,55.13%,3.438GiB / 7.696GiB,44.67%,12.5GB / 66.8GB
36,02/12/19-00:01:24,mongo,58.42%,3.434GiB / 7.696GiB,44.62%,12.5GB / 66.8GB
36,02/12/19-00:01:56,mongo,38.43%,3.429GiB / 7.696GiB,44.56%,12.5GB / 66.8GB
36,02/12/19-00:02:28,mongo,73.72%,3.426GiB / 7.696GiB,44.51%,12.5GB / 66.8GB
36,02/12/19-00:03:00,mongo,41.23%,3.424GiB / 7.696GiB,44.49%,12.5GB / 66.8GB
37,02/12/19-00:03:27,mongo,24.18%,3.422GiB / 7.696GiB,44.47%,12.5GB / 66.8GB
37,02/12/19-00:03:59,mongo,25.48%,3.434GiB / 7.696GiB,44.62%,12.5GB / 67.1GB
37,02/12/19-00:04:31,mongo,42.96%,3.444GiB / 7.696GiB,44.75%,12.5GB / 67.1GB
37,02/12/19-00:05:03,mongo,107.16%,3.443GiB / 7.696GiB,44.73%,12.5GB / 67.2GB
37,02/12/19-00:05:35,mongo,42.20%,3.451GiB / 7.696GiB,44.84%,12.5GB / 67.2GB
37,02/12/19-00:06:08,mongo,95.41%,3.45GiB / 7.696GiB,44.82%,12.5GB / 67.2GB
37,02/12/19-00:06:40,mongo,58.57%,3.445GiB / 7.696GiB,44.76%,12.5GB / 67.2GB
37,02/12/19-00:07:12,mongo,63.97%,3.445GiB / 7.696GiB,44.76%,12.5GB / 67.2GB
37,02/12/19-00:07:44,mongo,67.55%,3.443GiB / 7.696GiB,44.74%,12.5GB / 67.2GB
37,02/12/19-00:08:16,mongo,38.77%,3.44GiB / 7.696GiB,44.70%,12.5GB / 67.2GB
37,02/12/19-00:08:48,38,02/12/19-00:08:48,mongo,23.61%,3.44GiB / 7.696GiB,44.69%,12.5GB / 67.2GB
mongo,24.42%,3.44GiB / 7.696GiB,44.69%,12.5GB / 67.2GB
38,02/12/19-00:09:21,mongo,24.31%,3.452GiB / 7.696GiB,44.85%,12.5GB / 67.3GB
38,02/12/19-00:09:53,mongo,94.29%,3.454GiB / 7.696GiB,44.87%,12.5GB / 67.3GB
38,02/12/19-00:10:25,mongo,61.43%,3.453GiB / 7.696GiB,44.87%,12.5GB / 67.4GB
38,02/12/19-00:10:57,mongo,76.45%,3.452GiB / 7.696GiB,44.86%,12.5GB / 67.4GB
38,02/12/19-00:11:29,mongo,74.86%,3.448GiB / 7.696GiB,44.80%,12.5GB / 67.4GB
38,02/12/19-00:12:01,mongo,64.03%,3.446GiB / 7.696GiB,44.77%,12.5GB / 67.4GB
38,02/12/19-00:12:33,mongo,42.04%,3.443GiB / 7.696GiB,44.74%,12.5GB / 67.4GB
38,02/12/19-00:13:05,mongo,58.94%,3.444GiB / 7.696GiB,44.75%,12.5GB / 67.4GB
38,02/12/19-00:13:37,mongo,63.03%,3.426GiB / 7.696GiB,44.51%,12.5GB / 67.4GB
38,02/12/19-00:14:09,mongo,44.34%,3.423GiB / 7.696GiB,44.47%,12.5GB / 67.4GB
39,02/12/19-00:14:20,mongo,26.80%,3.424GiB / 7.696GiB,44.48%,12.5GB / 67.4GB
39,02/12/19-00:14:52,mongo,24.21%,3.431GiB / 7.696GiB,44.58%,12.5GB / 67.5GB
39,02/12/19-00:15:24,mongo,76.67%,3.43GiB / 7.696GiB,44.57%,12.5GB / 67.6GB
39,02/12/19-00:15:56,mongo,43.97%,3.413GiB / 7.696GiB,44.34%,12.5GB / 67.6GB
39,02/12/19-00:16:28,mongo,68.14%,3.424GiB / 7.696GiB,44.49%,12.5GB / 67.6GB
39,02/12/19-00:17:01,mongo,65.21%,3.42GiB / 7.696GiB,44.44%,12.5GB / 67.6GB
39,02/12/19-00:17:33,mongo,42.74%,3.414GiB / 7.696GiB,44.35%,12.5GB / 67.6GB
39,02/12/19-00:18:05,mongo,42.16%,3.416GiB / 7.696GiB,44.38%,12.5GB / 67.6GB
39,02/12/19-00:18:37,mongo,57.81%,3.416GiB / 7.696GiB,44.38%,12.5GB / 67.6GB
39,02/12/19-00:19:09,mongo,67.60%,3.414GiB / 7.696GiB,44.35%,12.5GB / 67.6GB
39,02/12/19-00:19:41,mongo,76.68%,3.411GiB / 7.696GiB,44.32%,12.5GB / 67.6GB
40,02/12/19-00:19:57,mongo,24.09%,3.41GiB / 7.696GiB,44.31%,12.5GB / 67.6GB
40,02/12/19-00:20:29,mongo,53.07%,3.436GiB / 7.696GiB,44.65%,12.5GB / 67.8GB
40,02/12/19-00:21:02,mongo,78.44%,3.438GiB / 7.696GiB,44.67%,12.5GB / 67.8GB
40,02/12/19-00:21:34,mongo,46.14%,3.437GiB / 7.696GiB,44.66%,12.5GB / 67.8GB
40,02/12/19-00:22:06,mongo,63.11%,3.434GiB / 7.696GiB,44.62%,12.5GB / 67.8GB
40,02/12/19-00:22:38,mongo,51.73%,3.433GiB / 7.696GiB,44.60%,12.5GB / 67.8GB
40,02/12/19-00:23:10,mongo,66.13%,3.433GiB / 7.696GiB,44.60%,12.5GB / 67.8GB
40,02/12/19-00:23:42,mongo,40.92%,3.431GiB / 7.696GiB,44.58%,12.5GB / 67.8GB
40,02/12/19-00:24:14,mongo,44.58%,3.43GiB / 7.696GiB,44.57%,12.5GB / 67.8GB
40,02/12/19-00:24:47,mongo,44.31%,3.429GiB / 7.696GiB,44.55%,12.5GB / 67.8GB
40,02/12/19-00:25:19,mongo,74.74%,3.427GiB / 7.696GiB,44.53%,12.5GB / 67.8GB
41,02/12/19-00:25:50,mongo,23.81%,3.424GiB / 7.696GiB,44.49%,12.5GB / 67.9GB
41,02/12/19-00:26:22,mongo,24.21%,3.438GiB / 7.696GiB,44.67%,12.5GB / 68.1GB
41,02/12/19-00:26:54,mongo,50.57%,3.438GiB / 7.696GiB,44.66%,12.5GB / 68.1GB
41,02/12/19-00:27:26,mongo,76.66%,3.435GiB / 7.696GiB,44.63%,12.5GB / 68.1GB
41,02/12/19-00:27:59,mongo,76.70%,3.441GiB / 7.696GiB,44.71%,12.5GB / 68.1GB
41,02/12/19-00:28:31,mongo,43.28%,3.451GiB / 7.696GiB,44.84%,12.5GB / 68.1GB
41,02/12/19-00:29:03,mongo,41.13%,3.458GiB / 7.696GiB,44.93%,12.5GB / 68.1GB
41,02/12/19-00:29:35,mongo,43.46%,3.456GiB / 7.696GiB,44.90%,12.5GB / 68.1GB
41,02/12/19-00:30:07,mongo,66.28%,3.455GiB / 7.696GiB,44.89%,12.5GB / 68.1GB
41,02/12/19-00:30:39,mongo,63.02%,3.453GiB / 7.696GiB,44.86%,12.5GB / 68.1GB
41,02/12/19-00:31:11,mongo,65.24%,3.442GiB / 7.696GiB,44.72%,12.5GB / 68.1GB
41,02/12/19-00:31:43,mongo,56.62%,3.445GiB / 7.696GiB,44.76%,12.5GB / 68.1GB
42,02/12/19-00:31:46,mongo,25.50%,3.443GiB / 7.696GiB,44.73%,12.5GB / 68.1GB
42,02/12/19-00:32:18,mongo,51.68%,3.448GiB / 7.696GiB,44.80%,12.5GB / 68.2GB
42,02/12/19-00:32:50,mongo,76.77%,3.459GiB / 7.696GiB,44.94%,12.5GB / 68.4GB
42,02/12/19-00:33:22,mongo,75.12%,3.464GiB / 7.696GiB,45.01%,12.5GB / 68.4GB
42,02/12/19-00:33:55,mongo,74.47%,3.459GiB / 7.696GiB,44.94%,12.5GB / 68.4GB
42,02/12/19-00:34:27,mongo,75.72%,3.455GiB / 7.696GiB,44.89%,12.5GB / 68.5GB
42,02/12/19-00:34:59,mongo,71.49%,3.453GiB / 7.696GiB,44.87%,12.5GB / 68.5GB
42,02/12/19-00:35:31,mongo,53.09%,3.453GiB / 7.696GiB,44.86%,12.5GB / 68.5GB
42,02/12/19-00:36:03,mongo,68.96%,3.45GiB / 7.696GiB,44.83%,12.5GB / 68.5GB
42,02/12/19-00:36:36,mongo,43.30%,3.448GiB / 7.696GiB,44.80%,12.5GB / 68.5GB
42,02/12/19-00:37:08,mongo,63.58%,3.445GiB / 7.696GiB,44.76%,12.5GB / 68.5GB
42,02/12/19-00:37:40,mongo,52.85%,3.442GiB / 7.696GiB,44.73%,12.5GB / 68.5GB
43,02/12/19-00:37:47,mongo,24.57%,3.442GiB / 7.696GiB,44.72%,12.5GB / 68.5GB
43,02/12/19-00:38:19,mongo,25.38%,3.446GiB / 7.696GiB,44.78%,12.5GB / 68.5GB
43,02/12/19-00:38:51,mongo,21.02%,3.447GiB / 7.696GiB,44.79%,12.5GB / 68.7GB
43,02/12/19-00:39:23,mongo,63.75%,3.444GiB / 7.696GiB,44.75%,12.5GB / 68.7GB
43,02/12/19-00:39:55,mongo,44.27%,3.441GiB / 7.696GiB,44.71%,12.5GB / 68.7GB
43,02/12/19-00:40:27,mongo,41.95%,3.435GiB / 7.696GiB,44.63%,12.5GB / 68.7GB
43,02/12/19-00:40:59,mongo,67.49%,3.434GiB / 7.696GiB,44.62%,12.5GB / 68.7GB
43,02/12/19-00:41:31,mongo,41.58%,3.43GiB / 7.696GiB,44.56%,12.5GB / 68.7GB
43,02/12/19-00:42:04,mongo,52.62%,3.428GiB / 7.696GiB,44.54%,12.5GB / 68.7GB
43,02/12/19-00:42:36,mongo,51.15%,3.426GiB / 7.696GiB,44.51%,12.5GB / 68.7GB
43,02/12/19-00:43:08,mongo,43.25%,3.421GiB / 7.696GiB,44.44%,12.5GB / 68.7GB
43,02/12/19-00:43:40,mongo,41.30%,3.417GiB / 7.696GiB,44.39%,12.5GB / 68.7GB
44,02/12/19-00:43:59,mongo,24.68%,3.414GiB / 7.696GiB,44.36%,12.5GB / 68.7GB
44,02/12/19-00:44:31,mongo,98.83%,3.435GiB / 7.696GiB,44.63%,12.5GB / 68.8GB
44,02/12/19-00:45:03,mongo,40.50%,3.465GiB / 7.696GiB,45.02%,12.5GB / 68.8GB
44,02/12/19-00:45:35,mongo,49.26%,3.465GiB / 7.696GiB,45.03%,12.5GB / 68.9GB
44,02/12/19-00:46:08,mongo,42.92%,3.46GiB / 7.696GiB,44.95%,12.5GB / 68.9GB
44,02/12/19-00:46:40,mongo,83.11%,3.454GiB / 7.696GiB,44.88%,12.5GB / 68.9GB
44,02/12/19-00:47:12,mongo,42.32%,3.454GiB / 7.696GiB,44.88%,12.5GB / 68.9GB
44,02/12/19-00:47:44,mongo,62.16%,3.45GiB / 7.696GiB,44.83%,12.5GB / 68.9GB
44,02/12/19-00:48:17,mongo,41.08%,3.448GiB / 7.696GiB,44.80%,12.5GB / 68.9GB
44,02/12/19-00:48:49,mongo,43.05%,3.444GiB / 7.696GiB,44.75%,12.5GB / 68.9GB
44,02/12/19-00:49:21,mongo,42.14%,3.443GiB / 7.696GiB,44.73%,12.5GB / 68.9GB
44,02/12/19-00:49:53,mongo,54.91%,3.434GiB / 7.696GiB,44.61%,12.5GB / 68.9GB
45,02/12/19-00:50:16,mongo,24.25%,3.419GiB / 7.696GiB,44.43%,12.5GB / 68.9GB
45,02/12/19-00:50:49,mongo,24.63%,3.437GiB / 7.696GiB,44.66%,12.5GB / 69.1GB
45,02/12/19-00:51:21,mongo,42.42%,3.446GiB / 7.696GiB,44.77%,12.5GB / 69.1GB
45,02/12/19-00:51:53,mongo,78.10%,3.446GiB / 7.696GiB,44.77%,12.5GB / 69.2GB
45,02/12/19-00:52:25,mongo,49.36%,3.443GiB / 7.696GiB,44.74%,12.5GB / 69.2GB
45,02/12/19-00:52:57,mongo,81.92%,3.442GiB / 7.696GiB,44.72%,12.5GB / 69.2GB
45,02/12/19-00:53:29,mongo,71.68%,3.442GiB / 7.696GiB,44.73%,12.5GB / 69.2GB
45,02/12/19-00:54:01,mongo,72.96%,3.441GiB / 7.696GiB,44.71%,12.5GB / 69.2GB
45,02/12/19-00:54:33,mongo,67.63%,3.44GiB / 7.696GiB,44.70%,12.5GB / 69.2GB
45,02/12/19-00:55:05,mongo,62.12%,3.442GiB / 7.696GiB,44.72%,12.5GB / 69.2GB
45,02/12/19-00:55:38,mongo,67.39%,3.442GiB / 7.696GiB,44.72%,12.5GB / 69.2GB
45,02/12/19-00:56:10,mongo,42.24%,3.441GiB / 7.696GiB,44.71%,12.5GB / 69.2GB
46,02/12/19-00:56:40,mongo,24.39%,3.44GiB / 7.696GiB,44.70%,12.5GB / 69.2GB
46,02/12/19-00:57:12,mongo,24.89%,3.447GiB / 7.696GiB,44.79%,12.5GB / 69.3GB
46,02/12/19-00:57:44,mongo,39.40%,3.446GiB / 7.696GiB,44.77%,12.5GB / 69.4GB
46,02/12/19-00:58:17,mongo,82.10%,3.456GiB / 7.696GiB,44.90%,12.5GB / 69.4GB
46,02/12/19-00:58:49,mongo,44.72%,3.454GiB / 7.696GiB,44.88%,12.5GB / 69.4GB
46,02/12/19-00:59:21,mongo,70.25%,3.45GiB / 7.696GiB,44.82%,12.5GB / 69.4GB
46,02/12/19-00:59:53,mongo,57.28%,3.451GiB / 7.696GiB,44.84%,12.5GB / 69.4GB
46,02/12/19-01:00:25,mongo,76.40%,3.444GiB / 7.696GiB,44.75%,12.5GB / 69.4GB
46,02/12/19-01:00:57,mongo,55.11%,3.445GiB / 7.696GiB,44.77%,12.5GB / 69.4GB
46,02/12/19-01:01:29,mongo,86.64%,3.444GiB / 7.696GiB,44.74%,12.5GB / 69.4GB
46,02/12/19-01:02:01,mongo,54.22%,3.442GiB / 7.696GiB,44.73%,12.5GB / 69.4GB
46,02/12/19-01:02:33,mongo,63.72%,3.443GiB / 7.696GiB,44.74%,12.5GB / 69.4GB
46,02/12/19-01:03:05,mongo,66.88%,3.441GiB / 7.696GiB,44.71%,12.5GB / 69.4GB
47,02/12/19-01:03:12,mongo,24.24%,3.441GiB / 7.696GiB,44.71%,12.5GB / 69.4GB
47,02/12/19-01:03:45,mongo,64.53%,3.449GiB / 7.696GiB,44.81%,12.5GB / 69.5GB
47,02/12/19-01:04:17,mongo,43.26%,3.458GiB / 7.696GiB,44.93%,12.5GB / 69.6GB
47,02/12/19-01:04:49,mongo,38.77%,3.457GiB / 7.696GiB,44.91%,12.5GB / 69.6GB
47,02/12/19-01:05:21,mongo,62.06%,3.453GiB / 7.696GiB,44.86%,12.5GB / 69.6GB
47,02/12/19-01:05:53,mongo,49.51%,3.449GiB / 7.696GiB,44.82%,12.5GB / 69.6GB
47,02/12/19-01:06:25,mongo,50.95%,3.445GiB / 7.696GiB,44.77%,12.5GB / 69.6GB
47,02/12/19-01:06:58,mongo,41.59%,3.445GiB / 7.696GiB,44.77%,12.5GB / 69.6GB
47,02/12/19-01:07:30,mongo,87.89%,3.442GiB / 7.696GiB,44.72%,12.5GB / 69.6GB
47,02/12/19-01:08:02,mongo,66.31%,3.44GiB / 7.696GiB,44.69%,12.5GB / 69.6GB
47,02/12/19-01:08:34,mongo,71.86%,3.437GiB / 7.696GiB,44.66%,12.5GB / 69.6GB
47,02/12/19-01:09:06,mongo,62.52%,3.437GiB / 7.696GiB,44.65%,12.5GB / 69.6GB
47,02/12/19-01:09:38,mongo,103.33%,3.431GiB / 7.696GiB,44.58%,12.5GB / 69.6GB
48,02/12/19-01:09:51,mongo,24.99%,3.432GiB / 7.696GiB,44.60%,12.5GB / 69.6GB
48,02/12/19-01:10:23,mongo,37.32%,3.448GiB / 7.696GiB,44.80%,12.5GB / 69.7GB
48,02/12/19-01:10:55,mongo,47.75%,3.458GiB / 7.696GiB,44.93%,12.5GB / 69.8GB
48,02/12/19-01:11:27,mongo,70.59%,3.456GiB / 7.696GiB,44.91%,12.5GB / 69.8GB
48,02/12/19-01:11:59,mongo,65.42%,3.456GiB / 7.696GiB,44.91%,12.5GB / 69.8GB
48,02/12/19-01:12:31,mongo,82.59%,3.454GiB / 7.696GiB,44.88%,12.5GB / 69.8GB
48,02/12/19-01:13:03,mongo,67.29%,3.455GiB / 7.696GiB,44.89%,12.5GB / 69.8GB
48,02/12/19-01:13:35,mongo,34.78%,3.455GiB / 7.696GiB,44.89%,12.5GB / 69.8GB
48,02/12/19-01:14:07,mongo,39.33%,3.443GiB / 7.696GiB,44.73%,12.5GB / 69.8GB
48,02/12/19-01:14:40,mongo,51.29%,3.454GiB / 7.696GiB,44.88%,12.5GB / 69.8GB
48,02/12/19-01:15:12,mongo,37.99%,3.452GiB / 7.696GiB,44.86%,12.5GB / 69.8GB
48,02/12/19-01:15:44,mongo,73.82%,3.453GiB / 7.696GiB,44.86%,12.5GB / 69.8GB
48,02/12/19-01:16:16,mongo,44.76%,3.451GiB / 7.696GiB,44.84%,12.5GB / 69.8GB
49,02/12/19-01:16:28,mongo,25.03%,3.452GiB / 7.696GiB,44.86%,12.5GB / 69.8GB
49,02/12/19-01:17:00,mongo,64.05%,3.458GiB / 7.696GiB,44.93%,12.5GB / 70.1GB
49,02/12/19-01:17:33,mongo,80.28%,3.456GiB / 7.696GiB,44.91%,12.5GB / 70.1GB
49,02/12/19-01:18:05,mongo,63.27%,3.455GiB / 7.696GiB,44.89%,12.5GB / 70.1GB
49,02/12/19-01:18:37,mongo,59.08%,3.453GiB / 7.696GiB,44.86%,12.5GB / 70.1GB
49,02/12/19-01:19:09,mongo,44.04%,3.448GiB / 7.696GiB,44.80%,12.5GB / 70.1GB
49,02/12/19-01:19:41,mongo,74.35%,3.446GiB / 7.696GiB,44.77%,12.5GB / 70.1GB
49,02/12/19-01:20:13,mongo,66.52%,3.445GiB / 7.696GiB,44.76%,12.5GB / 70.1GB
49,02/12/19-01:20:45,mongo,43.38%,3.444GiB / 7.696GiB,44.74%,12.5GB / 70.1GB
49,02/12/19-01:21:17,mongo,48.46%,3.429GiB / 7.696GiB,44.56%,12.5GB / 70.1GB
49,02/12/19-01:21:49,mongo,43.21%,3.436GiB / 7.696GiB,44.64%,12.5GB / 70.1GB
49,02/12/19-01:22:21,mongo,41.90%,3.43GiB / 7.696GiB,44.56%,12.5GB / 70.1GB
49,02/12/19-01:22:53,mongo,73.73%,3.43GiB / 7.696GiB,44.57%,12.5GB / 70.1GB
49,02/12/19-01:23:26,mongo,55.58%,3.424GiB / 7.696GiB,44.48%,12.5GB / 70.1GB
50,02/12/19-01:23:30,mongo,24.11%,3.423GiB / 7.696GiB,44.48%,12.5GB / 70.1GB
50,02/12/19-01:24:03,mongo,24.38%,3.446GiB / 7.696GiB,44.77%,12.5GB / 70.3GB
50,02/12/19-01:24:35,mongo,47.67%,3.456GiB / 7.696GiB,44.91%,12.5GB / 70.4GB
50,02/12/19-01:25:07,mongo,102.79%,3.455GiB / 7.696GiB,44.89%,12.5GB / 70.4GB
50,02/12/19-01:25:39,mongo,68.98%,3.45GiB / 7.696GiB,44.83%,12.5GB / 70.4GB
50,02/12/19-01:26:11,mongo,43.27%,3.45GiB / 7.696GiB,44.83%,12.5GB / 70.4GB
50,02/12/19-01:26:43,mongo,38.74%,3.449GiB / 7.696GiB,44.81%,12.5GB / 70.4GB
50,02/12/19-01:27:16,mongo,67.12%,3.446GiB / 7.696GiB,44.78%,12.5GB / 70.4GB
50,02/12/19-01:27:48,mongo,103.25%,3.41GiB / 7.696GiB,44.31%,12.5GB / 70.4GB
50,02/12/19-01:28:20,mongo,54.99%,3.407GiB / 7.696GiB,44.27%,12.5GB / 70.4GB
50,02/12/19-01:28:52,mongo,49.48%,3.407GiB / 7.696GiB,44.27%,12.5GB / 70.4GB
50,02/12/19-01:29:24,mongo,40.47%,3.398GiB / 7.696GiB,44.14%,12.5GB / 70.4GB
50,02/12/19-01:29:56,mongo,56.66%,3.439GiB / 7.696GiB,44.68%,12.5GB / 70.4GB
50,02/12/19-01:30:28,mongo,40.17%,3.436GiB / 7.696GiB,44.65%,12.5GB / 70.4GB
51,02/12/19-01:30:43,mongo,23.88%,3.437GiB / 7.696GiB,44.66%,12.5GB / 70.4GB
51,02/12/19-01:31:16,mongo,24.35%,3.455GiB / 7.696GiB,44.89%,12.5GB / 70.6GB
51,02/12/19-01:31:48,mongo,43.60%,3.454GiB / 7.696GiB,44.87%,12.5GB / 70.6GB
51,02/12/19-01:32:20,mongo,56.30%,3.453GiB / 7.696GiB,44.86%,12.5GB / 70.7GB
51,02/12/19-01:32:52,mongo,67.86%,3.452GiB / 7.696GiB,44.86%,12.5GB / 70.7GB
51,02/12/19-01:33:24,mongo,79.14%,3.451GiB / 7.696GiB,44.84%,12.5GB / 70.7GB
51,02/12/19-01:33:56,mongo,43.93%,3.45GiB / 7.696GiB,44.82%,12.5GB / 70.7GB
51,02/12/19-01:34:28,mongo,68.09%,3.448GiB / 7.696GiB,44.80%,12.5GB / 70.7GB
51,02/12/19-01:35:00,mongo,60.46%,3.446GiB / 7.696GiB,44.77%,12.5GB / 70.7GB
51,02/12/19-01:35:32,mongo,42.29%,3.441GiB / 7.696GiB,44.71%,12.5GB / 70.7GB
51,02/12/19-01:36:05,mongo,61.62%,3.443GiB / 7.696GiB,44.73%,12.6GB / 70.7GB
51,02/12/19-01:36:37,mongo,72.26%,3.442GiB / 7.696GiB,44.73%,12.6GB / 70.7GB
51,02/12/19-01:37:09,mongo,42.54%,3.439GiB / 7.696GiB,44.68%,12.6GB / 70.7GB
51,02/12/19-01:37:41,mongo,91.23%,3.437GiB / 7.696GiB,44.66%,12.6GB / 70.7GB
52,02/12/19-01:37:57,mongo,24.72%,3.435GiB / 7.696GiB,44.63%,12.6GB / 70.7GB
52,02/12/19-01:38:30,mongo,25.67%,3.453GiB / 7.696GiB,44.86%,12.6GB / 70.8GB
52,02/12/19-01:39:02,mongo,68.48%,3.453GiB / 7.696GiB,44.86%,12.6GB / 70.9GB
52,02/12/19-01:39:34,mongo,42.40%,3.451GiB / 7.696GiB,44.83%,12.6GB / 70.9GB
52,02/12/19-01:40:06,mongo,42.04%,3.458GiB / 7.696GiB,44.93%,12.6GB / 70.9GB
52,02/12/19-01:40:38,mongo,44.36%,3.471GiB / 7.696GiB,45.10%,12.6GB / 70.9GB
52,02/12/19-01:41:10,mongo,86.60%,3.509GiB / 7.696GiB,45.60%,12.6GB / 70.9GB
52,02/12/19-01:41:42,mongo,66.52%,3.504GiB / 7.696GiB,45.53%,12.6GB / 70.9GB
52,02/12/19-01:42:14,mongo,101.87%,3.501GiB / 7.696GiB,45.48%,12.6GB / 70.9GB
52,02/12/19-01:42:46,mongo,38.91%,3.495GiB / 7.696GiB,45.42%,12.6GB / 70.9GB
52,02/12/19-01:43:19,mongo,43.62%,3.495GiB / 7.696GiB,45.41%,12.6GB / 70.9GB
52,02/12/19-01:43:51,mongo,71.64%,3.489GiB / 7.696GiB,45.34%,12.6GB / 70.9GB
52,02/12/19-01:44:23,mongo,87.68%,3.488GiB / 7.696GiB,45.32%,12.6GB / 70.9GB
52,02/12/19-01:44:55,mongo,80.35%,3.484GiB / 7.696GiB,45.27%,12.6GB / 70.9GB
53,02/12/19-01:45:18,mongo,24.28%,3.484GiB / 7.696GiB,45.26%,12.6GB / 70.9GB
53,02/12/19-01:45:50,mongo,85.65%,3.501GiB / 7.696GiB,45.49%,12.6GB / 71GB
53,02/12/19-01:46:22,mongo,41.71%,3.505GiB / 7.696GiB,45.55%,12.6GB / 71.1GB
53,02/12/19-01:46:54,mongo,62.26%,3.502GiB / 7.696GiB,45.50%,12.6GB / 71.1GB
53,02/12/19-01:47:27,mongo,67.11%,3.491GiB / 7.696GiB,45.36%,12.6GB / 71.1GB
53,02/12/19-01:47:59,mongo,42.29%,3.491GiB / 7.696GiB,45.37%,12.6GB / 71.1GB
53,02/12/19-01:48:31,mongo,60.52%,3.489GiB / 7.696GiB,45.34%,12.6GB / 71.1GB
53,02/12/19-01:49:03,mongo,65.14%,3.486GiB / 7.696GiB,45.30%,12.6GB / 71.1GB
53,02/12/19-01:49:35,mongo,51.30%,3.484GiB / 7.696GiB,45.27%,12.6GB / 71.1GB
53,02/12/19-01:50:07,mongo,37.89%,3.483GiB / 7.696GiB,45.26%,12.6GB / 71.1GB
53,02/12/19-01:50:39,mongo,39.20%,3.481GiB / 7.696GiB,45.23%,12.6GB / 71.1GB
53,02/12/19-01:51:11,mongo,39.59%,3.478GiB / 7.696GiB,45.18%,12.6GB / 71.1GB
53,02/12/19-01:51:43,mongo,73.98%,3.474GiB / 7.696GiB,45.14%,12.6GB / 71.1GB
53,02/12/19-01:52:15,mongo,49.85%,3.472GiB / 7.696GiB,45.11%,12.6GB / 71.1GB
53,02/12/19-01:52:47,mongo,79.30%,3.469GiB / 7.696GiB,45.08%,12.6GB / 71.1GB
54,02/12/19-01:52:51,mongo,24.58%,3.469GiB / 7.696GiB,45.07%,12.6GB / 71.1GB
54,02/12/19-01:53:23,mongo,59.53%,3.52GiB / 7.696GiB,45.73%,12.6GB / 71.3GB
54,02/12/19-01:53:55,mongo,61.97%,3.519GiB / 7.696GiB,45.72%,12.6GB / 71.3GB
54,02/12/19-01:54:28,mongo,51.35%,3.512GiB / 7.696GiB,45.63%,12.7GB / 71.4GB
54,02/12/19-01:55:00,mongo,36.33%,3.512GiB / 7.696GiB,45.63%,12.7GB / 71.4GB
54,02/12/19-01:55:33,mongo,67.17%,3.509GiB / 7.696GiB,45.59%,12.7GB / 71.4GB
54,02/12/19-01:56:05,mongo,64.85%,3.506GiB / 7.696GiB,45.56%,12.7GB / 71.4GB
54,02/12/19-01:56:37,mongo,61.79%,3.503GiB / 7.696GiB,45.51%,12.8GB / 71.4GB
54,02/12/19-01:57:09,mongo,64.13%,3.5GiB / 7.696GiB,45.48%,12.8GB / 71.4GB
54,02/12/19-01:57:41,mongo,42.75%,3.497GiB / 7.696GiB,45.43%,12.8GB / 71.4GB
54,02/12/19-01:58:14,mongo,86.96%,3.491GiB / 7.696GiB,45.35%,12.8GB / 71.4GB
54,02/12/19-01:58:46,mongo,65.73%,3.487GiB / 7.696GiB,45.31%,12.8GB / 71.4GB
54,02/12/19-01:59:18,mongo,57.55%,3.484GiB / 7.696GiB,45.26%,12.8GB / 71.4GB
54,02/12/19-01:59:50,mongo,43.42%,3.481GiB / 7.696GiB,45.23%,12.8GB / 71.4GB
54,02/12/19-02:00:22,mongo,102.36%,3.472GiB / 7.696GiB,45.11%,12.8GB / 71.4GB
55,02/12/19-02:00:29,mongo,25.02%,3.474GiB / 7.696GiB,45.14%,12.8GB / 71.4GB
55,02/12/19-02:01:01,mongo,42.50%,3.504GiB / 7.696GiB,45.53%,12.8GB / 71.5GB
55,02/12/19-02:01:33,mongo,55.57%,3.503GiB / 7.696GiB,45.52%,12.8GB / 71.6GB
55,02/12/19-02:02:05,mongo,62.17%,3.505GiB / 7.696GiB,45.54%,12.8GB / 71.6GB
55,02/12/19-02:02:37,mongo,44.72%,3.5GiB / 7.696GiB,45.48%,12.8GB / 71.6GB
55,02/12/19-02:03:10,mongo,43.93%,3.498GiB / 7.696GiB,45.44%,12.8GB / 71.6GB
55,02/12/19-02:03:42,mongo,77.10%,3.495GiB / 7.696GiB,45.41%,12.9GB / 71.6GB
55,02/12/19-02:04:14,mongo,67.36%,3.496GiB / 7.696GiB,45.43%,12.9GB / 71.6GB
55,02/12/19-02:04:46,mongo,67.22%,3.495GiB / 7.696GiB,45.41%,12.9GB / 71.6GB
55,02/12/19-02:05:18,mongo,84.93%,3.496GiB / 7.696GiB,45.42%,12.9GB / 71.6GB
55,02/12/19-02:05:50,mongo,53.34%,3.493GiB / 7.696GiB,45.39%,12.9GB / 71.6GB
55,02/12/19-02:06:23,mongo,77.18%,3.491GiB / 7.696GiB,45.35%,12.9GB / 71.6GB
55,02/12/19-02:06:55,mongo,63.62%,3.492GiB / 7.696GiB,45.38%,12.9GB / 71.6GB
55,02/12/19-02:07:27,mongo,64.51%,3.488GiB / 7.696GiB,45.32%,12.9GB / 71.6GB
55,02/12/19-02:07:59,mongo,97.39%,3.485GiB / 7.696GiB,45.28%,12.9GB / 71.6GB
56,02/12/19-02:08:14,mongo,26.36%,3.487GiB / 7.696GiB,45.31%,12.9GB / 71.6GB
56,02/12/19-02:08:46,mongo,23.94%,3.513GiB / 7.696GiB,45.64%,12.9GB / 71.7GB
56,02/12/19-02:09:19,mongo,30.71%,3.51GiB / 7.696GiB,45.60%,12.9GB / 71.7GB
56,02/12/19-02:09:51,mongo,48.95%,3.506GiB / 7.696GiB,45.56%,13GB / 71.8GB
56,02/12/19-02:10:23,mongo,41.86%,3.504GiB / 7.696GiB,45.53%,13.1GB / 71.8GB
56,02/12/19-02:10:55,mongo,101.54%,3.499GiB / 7.696GiB,45.47%,13.1GB / 71.8GB
56,02/12/19-02:11:28,mongo,93.44%,3.498GiB / 7.696GiB,45.45%,13.1GB / 71.8GB
56,02/12/19-02:12:00,mongo,102.88%,3.498GiB / 7.696GiB,45.45%,13.1GB / 71.8GB
56,02/12/19-02:12:32,mongo,86.98%,3.497GiB / 7.696GiB,45.44%,13.1GB / 71.8GB
56,02/12/19-02:13:04,mongo,91.45%,3.494GiB / 7.696GiB,45.40%,13.1GB / 71.8GB
56,02/12/19-02:13:36,mongo,62.29%,3.499GiB / 7.696GiB,45.46%,13.1GB / 71.8GB
56,02/12/19-02:14:09,mongo,55.59%,3.496GiB / 7.696GiB,45.42%,13.1GB / 71.8GB
56,02/12/19-02:14:41,mongo,80.19%,3.45GiB / 7.696GiB,44.82%,13.1GB / 71.8GB
56,02/12/19-02:15:13,mongo,46.10%,3.449GiB / 7.696GiB,44.81%,13.2GB / 71.8GB
56,02/12/19-02:15:45,mongo,49.84%,3.448GiB / 7.696GiB,44.81%,13.2GB / 71.8GB
56,02/12/19-02:16:17,mongo,102.35%,3.446GiB / 7.696GiB,44.78%,13.2GB / 71.8GB
57,02/12/19-02:16:22,mongo,25.34%,3.448GiB / 7.696GiB,44.80%,13.2GB / 71.8GB
57,02/12/19-02:16:54,mongo,49.74%,3.463GiB / 7.696GiB,44.99%,13.2GB / 71.9GB
57,02/12/19-02:17:26,mongo,38.43%,3.462GiB / 7.696GiB,44.98%,13.2GB / 72GB
57,02/12/19-02:17:58,mongo,99.38%,3.459GiB / 7.696GiB,44.95%,13.2GB / 72GB
57,02/12/19-02:18:30,mongo,32.37%,3.457GiB / 7.696GiB,44.92%,13.3GB / 72GB
57,02/12/19-02:19:02,mongo,43.03%,3.455GiB / 7.696GiB,44.89%,13.3GB / 72.1GB
57,02/12/19-02:19:34,mongo,34.64%,3.442GiB / 7.696GiB,44.72%,13.3GB / 72.1GB
57,02/12/19-02:20:06,mongo,41.55%,3.442GiB / 7.696GiB,44.72%,13.3GB / 72.1GB
57,02/12/19-02:20:39,mongo,44.06%,3.44GiB / 7.696GiB,44.70%,13.4GB / 72.1GB
57,02/12/19-02:21:11,mongo,51.52%,3.447GiB / 7.696GiB,44.79%,13.4GB / 72.1GB
57,02/12/19-02:21:43,mongo,41.21%,3.446GiB / 7.696GiB,44.77%,13.4GB / 72.1GB
57,02/12/19-02:22:15,mongo,45.68%,3.434GiB / 7.696GiB,44.61%,13.4GB / 72.1GB
57,02/12/19-02:22:47,mongo,45.85%,3.445GiB / 7.696GiB,44.76%,13.4GB / 72.1GB
57,02/12/19-02:23:19,mongo,100.03%,3.441GiB / 7.696GiB,44.71%,13.4GB / 72.1GB
57,02/12/19-02:23:51,mongo,42.72%,3.442GiB / 7.696GiB,44.72%,13.4GB / 72.1GB
57,02/12/19-02:24:23,58,02/12/19-02:24:23,mongo,23.29%,3.426GiB / 7.696GiB,44.51%,13.4GB / 72.1GB
mongo,26.14%,3.426GiB / 7.696GiB,44.51%,13.4GB / 72.1GB
58,02/12/19-02:24:56,mongo,59.34%,3.446GiB / 7.696GiB,44.77%,13.4GB / 72.2GB
58,02/12/19-02:25:28,mongo,55.05%,3.463GiB / 7.696GiB,44.99%,13.4GB / 72.2GB
58,02/12/19-02:26:00,mongo,36.18%,3.496GiB / 7.696GiB,45.42%,13.5GB / 72.3GB
58,02/12/19-02:26:33,mongo,37.10%,3.494GiB / 7.696GiB,45.40%,13.5GB / 72.3GB
58,02/12/19-02:27:05,mongo,55.50%,3.49GiB / 7.696GiB,45.34%,13.6GB / 72.3GB
58,02/12/19-02:27:37,mongo,63.27%,3.485GiB / 7.696GiB,45.28%,13.6GB / 72.3GB
58,02/12/19-02:28:09,mongo,68.13%,3.479GiB / 7.696GiB,45.21%,13.6GB / 72.3GB
58,02/12/19-02:28:41,mongo,45.27%,3.472GiB / 7.696GiB,45.11%,13.6GB / 72.3GB
58,02/12/19-02:29:14,mongo,103.92%,3.47GiB / 7.696GiB,45.08%,13.6GB / 72.3GB
58,02/12/19-02:29:46,mongo,80.52%,3.465GiB / 7.696GiB,45.03%,13.6GB / 72.3GB
58,02/12/19-02:30:18,mongo,35.85%,3.462GiB / 7.696GiB,44.98%,13.6GB / 72.3GB
58,02/12/19-02:30:50,mongo,40.78%,3.458GiB / 7.696GiB,44.93%,13.6GB / 72.3GB
58,02/12/19-02:31:22,mongo,86.03%,3.453GiB / 7.696GiB,44.87%,13.7GB / 72.3GB
58,02/12/19-02:31:54,mongo,52.88%,3.452GiB / 7.696GiB,44.85%,13.7GB / 72.3GB
58,02/12/19-02:32:26,mongo,51.28%,3.448GiB / 7.696GiB,44.80%,13.7GB / 72.3GB
59,02/12/19-02:32:47,mongo,23.80%,3.444GiB / 7.696GiB,44.75%,13.7GB / 72.3GB
59,02/12/19-02:33:19,mongo,25.27%,3.471GiB / 7.696GiB,45.10%,13.7GB / 72.4GB
59,02/12/19-02:33:51,mongo,69.55%,3.467GiB / 7.696GiB,45.04%,13.7GB / 72.5GB
59,02/12/19-02:34:23,mongo,44.28%,3.461GiB / 7.696GiB,44.97%,13.8GB / 72.5GB
59,02/12/19-02:34:55,mongo,58.73%,3.456GiB / 7.696GiB,44.90%,13.8GB / 72.5GB
59,02/12/19-02:35:28,mongo,34.45%,3.456GiB / 7.696GiB,44.90%,13.9GB / 72.5GB
59,02/12/19-02:36:00,mongo,84.08%,3.451GiB / 7.696GiB,44.84%,13.9GB / 72.5GB
59,02/12/19-02:36:32,mongo,64.11%,3.447GiB / 7.696GiB,44.79%,13.9GB / 72.5GB
59,02/12/19-02:37:04,mongo,60.43%,3.445GiB / 7.696GiB,44.77%,13.9GB / 72.5GB
59,02/12/19-02:37:36,mongo,79.12%,3.442GiB / 7.696GiB,44.72%,14GB / 72.5GB
59,02/12/19-02:38:09,mongo,82.20%,3.438GiB / 7.696GiB,44.67%,14GB / 72.5GB
59,02/12/19-02:38:41,mongo,32.22%,3.436GiB / 7.696GiB,44.64%,14GB / 72.5GB
59,02/12/19-02:39:13,mongo,41.10%,3.432GiB / 7.696GiB,44.59%,14GB / 72.5GB
59,02/12/19-02:39:45,mongo,67.59%,3.432GiB / 7.696GiB,44.59%,14GB / 72.5GB
59,02/12/19-02:40:17,mongo,40.83%,3.429GiB / 7.696GiB,44.56%,14GB / 72.5GB
59,02/12/19-02:40:50,mongo,95.12%,3.428GiB / 7.696GiB,44.54%,14.1GB / 72.5GB
60,02/12/19-02:41:19,mongo,25.45%,3.426GiB / 7.696GiB,44.51%,14.1GB / 72.5GB
60,02/12/19-02:41:51,mongo,23.75%,3.498GiB / 7.696GiB,45.45%,14.1GB / 72.7GB
60,02/12/19-02:42:23,mongo,39.00%,3.496GiB / 7.696GiB,45.43%,14.2GB / 72.7GB
60,02/12/19-02:42:56,mongo,31.32%,3.492GiB / 7.696GiB,45.37%,14.3GB / 72.8GB
60,02/12/19-02:43:28,mongo,50.27%,3.483GiB / 7.696GiB,45.25%,14.4GB / 72.8GB
60,02/12/19-02:44:00,mongo,55.29%,3.468GiB / 7.696GiB,45.06%,14.4GB / 72.8GB
60,02/12/19-02:44:32,mongo,74.61%,3.464GiB / 7.696GiB,45.01%,14.4GB / 72.8GB
60,02/12/19-02:45:04,mongo,39.39%,3.458GiB / 7.696GiB,44.93%,14.4GB / 72.8GB
60,02/12/19-02:45:37,mongo,4.91%,3.456GiB / 7.696GiB,44.91%,14.5GB / 72.8GB
60,02/12/19-02:46:10,mongo,33.23%,3.453GiB / 7.696GiB,44.87%,15.3GB / 72.8GB
60,02/12/19-02:46:43,mongo,58.03%,3.447GiB / 7.696GiB,44.79%,15.6GB / 72.8GB
60,02/12/19-02:47:16,mongo,51.63%,3.446GiB / 7.696GiB,44.78%,15.7GB / 72.8GB
60,02/12/19-02:47:48,mongo,38.21%,3.44GiB / 7.696GiB,44.70%,15.8GB / 72.8GB
60,02/12/19-02:48:20,mongo,35.69%,3.439GiB / 7.696GiB,44.68%,15.8GB / 72.8GB
60,02/12/19-02:48:52,mongo,58.15%,3.437GiB / 7.696GiB,44.66%,15.9GB / 72.8GB
60,02/12/19-02:49:24,mongo,31.54%,3.433GiB / 7.696GiB,44.61%,15.9GB / 72.8GB
60,02/12/19-02:49:56,mongo,64.06%,3.429GiB / 7.696GiB,44.55%,16GB / 72.8GB
60,02/12/19-02:50:29,mongo,38.29%,3.427GiB / 7.696GiB,44.53%,16GB / 72.8GB
61,02/12/19-02:50:47,mongo,2.40%,3.426GiB / 7.696GiB,44.51%,16GB / 72.8GB
61,02/12/19-02:51:19,mongo,28.25%,3.459GiB / 7.696GiB,44.95%,16GB / 72.9GB
61,02/12/19-02:51:51,mongo,44.97%,3.46GiB / 7.696GiB,44.96%,16.5GB / 72.9GB
61,02/12/19-02:52:23,mongo,43.02%,3.456GiB / 7.696GiB,44.90%,16.7GB / 72.9GB
61,02/12/19-02:52:56,mongo,36.32%,3.451GiB / 7.696GiB,44.84%,16.8GB / 72.9GB
61,02/12/19-02:53:28,mongo,64.22%,3.442GiB / 7.696GiB,44.72%,16.8GB / 72.9GB
61,02/12/19-02:54:00,mongo,80.94%,3.444GiB / 7.696GiB,44.75%,16.9GB / 72.9GB
61,02/12/19-02:54:32,mongo,32.34%,3.441GiB / 7.696GiB,44.71%,16.9GB / 72.9GB
61,02/12/19-02:55:04,mongo,65.88%,3.438GiB / 7.696GiB,44.67%,17GB / 72.9GB
61,02/12/19-02:55:36,mongo,62.24%,3.439GiB / 7.696GiB,44.68%,17GB / 72.9GB
61,02/12/19-02:56:09,mongo,66.80%,3.436GiB / 7.696GiB,44.65%,17.1GB / 72.9GB
61,02/12/19-02:56:41,mongo,44.74%,3.434GiB / 7.696GiB,44.61%,17.1GB / 72.9GB
61,02/12/19-02:57:13,mongo,84.74%,3.432GiB / 7.696GiB,44.59%,17.1GB / 72.9GB
61,02/12/19-02:57:45,mongo,66.69%,3.429GiB / 7.696GiB,44.55%,17.2GB / 72.9GB
61,02/12/19-02:58:18,mongo,91.94%,3.425GiB / 7.696GiB,44.50%,17.2GB / 72.9GB
61,02/12/19-02:58:50,mongo,98.47%,3.425GiB / 7.696GiB,44.50%,17.2GB / 72.9GB
61,02/12/19-02:59:22,mongo,46.66%,3.421GiB / 7.696GiB,44.45%,17.3GB / 72.9GB
61,02/12/19-02:59:55,mongo,39.68%,3.42GiB / 7.696GiB,44.44%,17.3GB / 72.9GB
62,02/12/19-03:00:04,mongo,23.36%,3.42GiB / 7.696GiB,44.44%,17.3GB / 72.9GB
62,02/12/19-03:00:36,mongo,132.12%,3.484GiB / 7.696GiB,45.27%,17.3GB / 73GB
62,02/12/19-03:01:08,mongo,75.75%,3.483GiB / 7.696GiB,45.26%,17.7GB / 73.1GB
62,02/12/19-03:01:40,mongo,88.67%,3.476GiB / 7.696GiB,45.16%,17.8GB / 73.1GB
62,02/12/19-03:02:12,mongo,55.39%,3.472GiB / 7.696GiB,45.11%,17.9GB / 73.1GB
62,02/12/19-03:02:45,mongo,64.29%,3.469GiB / 7.696GiB,45.07%,17.9GB / 73.1GB
62,02/12/19-03:03:17,mongo,51.53%,3.467GiB / 7.696GiB,45.04%,18GB / 73.1GB
62,02/12/19-03:03:49,mongo,49.48%,3.461GiB / 7.696GiB,44.97%,18GB / 73.1GB
62,02/12/19-03:04:21,mongo,52.38%,3.457GiB / 7.696GiB,44.91%,18.1GB / 73.1GB
62,02/12/19-03:04:54,mongo,31.65%,3.452GiB / 7.696GiB,44.86%,18.2GB / 73.1GB
62,02/12/19-03:05:26,mongo,40.42%,3.449GiB / 7.696GiB,44.81%,18.2GB / 73.1GB
62,02/12/19-03:05:58,mongo,41.88%,3.445GiB / 7.696GiB,44.76%,18.2GB / 73.1GB
62,02/12/19-03:06:30,mongo,38.83%,3.44GiB / 7.696GiB,44.70%,18.3GB / 73.1GB
62,02/12/19-03:07:03,mongo,35.11%,3.438GiB / 7.696GiB,44.66%,18.3GB / 73.1GB
62,02/12/19-03:07:35,mongo,33.05%,3.433GiB / 7.696GiB,44.61%,18.3GB / 73.1GB
62,02/12/19-03:08:07,mongo,42.71%,3.437GiB / 7.696GiB,44.66%,18.4GB / 73.1GB
62,02/12/19-03:08:39,mongo,36.09%,3.433GiB / 7.696GiB,44.60%,18.4GB / 73.1GB
62,02/12/19-03:09:11,mongo,65.92%,3.43GiB / 7.696GiB,44.57%,18.4GB / 73.1GB
63,02/12/19-03:09:16,mongo,20.03%,3.431GiB / 7.696GiB,44.57%,18.4GB / 73.1GB
63,02/12/19-03:09:48,mongo,98.24%,3.475GiB / 7.696GiB,45.15%,18.4GB / 73.2GB
63,02/12/19-03:10:21,mongo,70.00%,3.484GiB / 7.696GiB,45.27%,18.8GB / 73.3GB
63,02/12/19-03:10:53,mongo,100.28%,3.479GiB / 7.696GiB,45.21%,19.5GB / 73.3GB
63,02/12/19-03:11:26,mongo,27.41%,3.477GiB / 7.696GiB,45.18%,19.5GB / 73.3GB
63,02/12/19-03:11:58,mongo,27.54%,3.473GiB / 7.696GiB,45.12%,19.7GB / 73.3GB
63,02/12/19-03:12:30,mongo,42.60%,3.47GiB / 7.696GiB,45.09%,19.7GB / 73.3GB
63,02/12/19-03:13:03,mongo,28.18%,3.467GiB / 7.696GiB,45.05%,19.8GB / 73.3GB
63,02/12/19-03:13:35,mongo,90.42%,3.461GiB / 7.696GiB,44.97%,19.8GB / 73.3GB
63,02/12/19-03:14:07,mongo,41.20%,3.463GiB / 7.696GiB,44.99%,19.8GB / 73.3GB
63,02/12/19-03:14:39,mongo,86.08%,3.458GiB / 7.696GiB,44.93%,19.9GB / 73.3GB
63,02/12/19-03:15:11,mongo,54.31%,3.453GiB / 7.696GiB,44.87%,19.9GB / 73.3GB
63,02/12/19-03:15:43,mongo,60.61%,3.45GiB / 7.696GiB,44.83%,20GB / 73.3GB
63,02/12/19-03:16:16,mongo,35.80%,3.447GiB / 7.696GiB,44.79%,20GB / 73.3GB
63,02/12/19-03:16:48,mongo,41.30%,3.444GiB / 7.696GiB,44.75%,20GB / 73.3GB
63,02/12/19-03:17:20,mongo,60.87%,3.442GiB / 7.696GiB,44.72%,20.1GB / 73.3GB
63,02/12/19-03:17:53,mongo,44.60%,3.437GiB / 7.696GiB,44.66%,20.1GB / 73.3GB
63,02/12/19-03:18:25,mongo,60.61%,3.436GiB / 7.696GiB,44.64%,20.1GB / 73.3GB
64,02/12/19-03:18:48,mongo,17.51%,3.434GiB / 7.696GiB,44.61%,20.2GB / 73.3GB
64,02/12/19-03:19:21,mongo,36.59%,3.484GiB / 7.696GiB,45.27%,20.2GB / 73.5GB
64,02/12/19-03:19:53,mongo,73.33%,3.484GiB / 7.696GiB,45.27%,20.2GB / 73.5GB
64,02/12/19-03:20:25,mongo,52.36%,3.484GiB / 7.696GiB,45.26%,20.6GB / 73.6GB
64,02/12/19-03:20:58,mongo,64.08%,3.479GiB / 7.696GiB,45.20%,20.7GB / 73.6GB
64,02/12/19-03:21:30,mongo,66.49%,3.474GiB / 7.696GiB,45.14%,20.7GB / 73.6GB
64,02/12/19-03:22:02,mongo,63.52%,3.47GiB / 7.696GiB,45.08%,20.8GB / 73.6GB
64,02/12/19-03:22:35,mongo,65.34%,3.463GiB / 7.696GiB,45.00%,20.9GB / 73.6GB
64,02/12/19-03:23:07,mongo,35.05%,3.457GiB / 7.696GiB,44.92%,20.9GB / 73.6GB
64,02/12/19-03:23:39,mongo,63.69%,3.456GiB / 7.696GiB,44.90%,20.9GB / 73.6GB
64,02/12/19-03:24:12,mongo,42.01%,3.453GiB / 7.696GiB,44.87%,21GB / 73.6GB
64,02/12/19-03:24:44,mongo,36.03%,3.45GiB / 7.696GiB,44.82%,21GB / 73.6GB
64,02/12/19-03:25:16,mongo,76.25%,3.444GiB / 7.696GiB,44.74%,21.1GB / 73.6GB
64,02/12/19-03:25:48,mongo,88.54%,3.443GiB / 7.696GiB,44.74%,21.1GB / 73.6GB
64,02/12/19-03:26:20,mongo,57.60%,3.438GiB / 7.696GiB,44.67%,21.1GB / 73.6GB
64,02/12/19-03:26:53,mongo,43.96%,3.435GiB / 7.696GiB,44.63%,21.2GB / 73.6GB
64,02/12/19-03:27:25,mongo,45.94%,3.429GiB / 7.696GiB,44.56%,21.2GB / 73.6GB
64,02/12/19-03:27:57,mongo,37.34%,3.431GiB / 7.696GiB,44.57%,21.3GB / 73.6GB
65,02/12/19-03:28:29,mongo,19.30%,3.429GiB / 7.696GiB,44.56%,21.3GB / 73.6GB
65,02/12/19-03:29:01,mongo,24.51%,3.485GiB / 7.696GiB,45.28%,21.3GB / 73.7GB
65,02/12/19-03:29:33,mongo,35.10%,3.484GiB / 7.696GiB,45.26%,22GB / 73.9GB
65,02/12/19-03:30:06,mongo,24.24%,3.483GiB / 7.696GiB,45.25%,22.4GB / 73.9GB
65,02/12/19-03:30:40,mongo,64.38%,3.479GiB / 7.696GiB,45.20%,22.7GB / 73.9GB
65,02/12/19-03:31:12,mongo,99.16%,3.475GiB / 7.696GiB,45.15%,22.8GB / 73.9GB
65,02/12/19-03:31:44,mongo,39.84%,3.471GiB / 7.696GiB,45.10%,22.9GB / 73.9GB
65,02/12/19-03:32:17,mongo,94.11%,3.466GiB / 7.696GiB,45.04%,22.9GB / 73.9GB
65,02/12/19-03:32:49,mongo,35.00%,3.465GiB / 7.696GiB,45.02%,22.9GB / 73.9GB
65,02/12/19-03:33:21,mongo,36.10%,3.461GiB / 7.696GiB,44.97%,23GB / 73.9GB
65,02/12/19-03:33:53,mongo,85.24%,3.456GiB / 7.696GiB,44.90%,23GB / 73.9GB
65,02/12/19-03:34:25,mongo,27.62%,3.454GiB / 7.696GiB,44.88%,23.2GB / 73.9GB
65,02/12/19-03:34:58,mongo,29.00%,3.453GiB / 7.696GiB,44.87%,23.2GB / 73.9GB
65,02/12/19-03:35:30,mongo,31.44%,3.449GiB / 7.696GiB,44.81%,23.3GB / 73.9GB
65,02/12/19-03:36:03,mongo,36.39%,3.445GiB / 7.696GiB,44.76%,23.4GB / 73.9GB
65,02/12/19-03:36:35,mongo,55.94%,3.44GiB / 7.696GiB,44.70%,23.4GB / 73.9GB
65,02/12/19-03:37:08,mongo,42.56%,3.438GiB / 7.696GiB,44.67%,23.5GB / 73.9GB
65,02/12/19-03:37:40,mongo,32.14%,3.437GiB / 7.696GiB,44.65%,23.5GB / 73.9GB
65,02/12/19-03:38:12,mongo,40.60%,3.432GiB / 7.696GiB,44.59%,23.5GB / 73.9GB
66,02/12/19-03:38:40,mongo,4.78%,3.432GiB / 7.696GiB,44.60%,23.6GB / 73.9GB
66,02/12/19-03:39:12,mongo,23.86%,3.481GiB / 7.696GiB,45.23%,23.6GB / 74.1GB
66,02/12/19-03:39:45,mongo,42.23%,3.484GiB / 7.696GiB,45.26%,24.3GB / 74.1GB
66,02/12/19-03:40:18,mongo,23.77%,3.482GiB / 7.696GiB,45.25%,24.5GB / 74.2GB
66,02/12/19-03:40:50,mongo,51.98%,3.48GiB / 7.696GiB,45.21%,24.9GB / 74.2GB
66,02/12/19-03:41:23,mongo,44.72%,3.476GiB / 7.696GiB,45.16%,25GB / 74.2GB
66,02/12/19-03:41:55,mongo,31.46%,3.471GiB / 7.696GiB,45.10%,25.1GB / 74.2GB
66,02/12/19-03:42:28,mongo,41.19%,3.467GiB / 7.696GiB,45.05%,25.1GB / 74.2GB
66,02/12/19-03:43:00,mongo,79.78%,3.465GiB / 7.696GiB,45.02%,25.2GB / 74.2GB
66,02/12/19-03:43:32,mongo,57.53%,3.46GiB / 7.696GiB,44.95%,25.3GB / 74.2GB
66,02/12/19-03:44:04,mongo,41.02%,3.456GiB / 7.696GiB,44.90%,25.4GB / 74.2GB
66,02/12/19-03:44:37,mongo,42.41%,3.452GiB / 7.696GiB,44.86%,25.5GB / 74.2GB
66,02/12/19-03:45:09,mongo,85.10%,3.451GiB / 7.696GiB,44.84%,25.6GB / 74.2GB
66,02/12/19-03:45:41,mongo,22.28%,3.448GiB / 7.696GiB,44.81%,25.7GB / 74.2GB
66,02/12/19-03:46:14,mongo,43.29%,3.446GiB / 7.696GiB,44.77%,25.7GB / 74.2GB
66,02/12/19-03:46:46,mongo,56.36%,3.442GiB / 7.696GiB,44.72%,25.8GB / 74.2GB
66,02/12/19-03:47:18,mongo,71.04%,3.439GiB / 7.696GiB,44.68%,25.8GB / 74.2GB
66,02/12/19-03:47:50,mongo,36.45%,3.436GiB / 7.696GiB,44.65%,25.9GB / 74.2GB
66,02/12/19-03:48:23,mongo,84.53%,3.434GiB / 7.696GiB,44.61%,25.9GB / 74.2GB
67,02/12/19-03:48:55,mongo,6.17%,3.44GiB / 7.696GiB,44.69%,26GB / 74.2GB
67,02/12/19-03:49:27,mongo,25.18%,3.483GiB / 7.696GiB,45.26%,26GB / 74.4GB
67,02/12/19-03:50:01,mongo,87.58%,3.481GiB / 7.696GiB,45.23%,26.1GB / 74.4GB
67,02/12/19-03:50:33,mongo,68.19%,3.478GiB / 7.696GiB,45.19%,26.8GB / 74.4GB
67,02/12/19-03:51:05,mongo,63.00%,3.475GiB / 7.696GiB,45.15%,27.4GB / 74.4GB
67,02/12/19-03:51:38,mongo,60.58%,3.472GiB / 7.696GiB,45.11%,27.7GB / 74.4GB
67,02/12/19-03:52:10,mongo,34.45%,3.47GiB / 7.696GiB,45.08%,27.9GB / 74.4GB
67,02/12/19-03:52:43,mongo,27.58%,3.466GiB / 7.696GiB,45.03%,28GB / 74.4GB
67,02/12/19-03:53:15,mongo,61.30%,3.461GiB / 7.696GiB,44.98%,28.1GB / 74.4GB
67,02/12/19-03:53:48,mongo,54.03%,3.458GiB / 7.696GiB,44.94%,28.2GB / 74.4GB
67,02/12/19-03:54:20,mongo,59.54%,3.457GiB / 7.696GiB,44.92%,28.3GB / 74.4GB
67,02/12/19-03:54:52,mongo,32.90%,3.455GiB / 7.696GiB,44.89%,28.6GB / 74.4GB
67,02/12/19-03:55:25,mongo,45.38%,3.454GiB / 7.696GiB,44.87%,29GB / 74.4GB
67,02/12/19-03:55:57,mongo,28.10%,3.452GiB / 7.696GiB,44.85%,29.4GB / 74.4GB
67,02/12/19-03:56:30,mongo,35.42%,3.451GiB / 7.696GiB,44.84%,29.6GB / 74.4GB
67,02/12/19-03:57:02,mongo,82.89%,3.445GiB / 7.696GiB,44.76%,29.6GB / 74.4GB
67,02/12/19-03:57:35,mongo,38.96%,3.446GiB / 7.696GiB,44.77%,29.7GB / 74.4GB
67,02/12/19-03:58:07,mongo,29.27%,3.445GiB / 7.696GiB,44.76%,29.7GB / 74.4GB
67,02/12/19-03:58:40,mongo,15.48%,3.444GiB / 7.696GiB,44.75%,29.9GB / 74.4GB
67,02/12/19-03:59:13,mongo,22.79%,3.443GiB / 7.696GiB,44.73%,30.4GB / 74.4GB
67,02/12/19-03:59:46,mongo,22.66%,3.443GiB / 7.696GiB,44.74%,30.6GB / 74.4GB
68,02/12/19-03:59:49,mongo,1.55%,3.443GiB / 7.696GiB,44.74%,30.6GB / 74.4GB
68,02/12/19-04:00:21,mongo,24.18%,3.479GiB / 7.696GiB,45.21%,30.6GB / 74.5GB
68,02/12/19-04:00:54,mongo,36.67%,3.479GiB / 7.696GiB,45.20%,31.3GB / 74.6GB
68,02/12/19-04:01:26,mongo,50.38%,3.476GiB / 7.696GiB,45.17%,31.6GB / 74.6GB
68,02/12/19-04:01:59,mongo,36.57%,3.472GiB / 7.696GiB,45.11%,31.8GB / 74.7GB
68,02/12/19-04:02:32,mongo,28.51%,3.472GiB / 7.696GiB,45.12%,32.2GB / 74.7GB
68,02/12/19-04:03:04,mongo,52.75%,3.47GiB / 7.696GiB,45.09%,32.7GB / 74.7GB
68,02/12/19-04:03:37,mongo,38.78%,3.467GiB / 7.696GiB,45.05%,32.7GB / 74.7GB
68,02/12/19-04:04:09,mongo,36.77%,3.462GiB / 7.696GiB,44.98%,33.2GB / 74.7GB
68,02/12/19-04:04:42,mongo,31.72%,3.461GiB / 7.696GiB,44.98%,33.4GB / 74.7GB
68,02/12/19-04:05:15,mongo,30.06%,3.461GiB / 7.696GiB,44.97%,33.9GB / 74.7GB
68,02/12/19-04:05:47,mongo,51.15%,3.461GiB / 7.696GiB,44.97%,34.4GB / 74.7GB
68,02/12/19-04:06:20,mongo,46.91%,3.458GiB / 7.696GiB,44.92%,34.4GB / 74.7GB
68,02/12/19-04:06:52,mongo,52.23%,3.456GiB / 7.696GiB,44.91%,34.6GB / 74.7GB
68,02/12/19-04:07:25,mongo,16.24%,3.455GiB / 7.696GiB,44.89%,34.7GB / 74.7GB
68,02/12/19-04:07:57,mongo,74.09%,3.452GiB / 7.696GiB,44.85%,34.8GB / 74.7GB
68,02/12/19-04:08:30,mongo,68.36%,3.45GiB / 7.696GiB,44.82%,34.9GB / 74.7GB
68,02/12/19-04:09:02,mongo,44.66%,3.449GiB / 7.696GiB,44.81%,35GB / 74.7GB
68,02/12/19-04:09:34,mongo,29.13%,3.445GiB / 7.696GiB,44.76%,35.1GB / 74.7GB
68,02/12/19-04:10:06,mongo,47.08%,3.445GiB / 7.696GiB,44.76%,35.3GB / 74.7GB
68,02/12/19-04:10:39,mongo,66.42%,3.442GiB / 7.696GiB,44.73%,35.5GB / 74.7GB
68,02/12/19-04:11:12,mongo,33.22%,3.438GiB / 7.696GiB,44.67%,35.6GB / 74.7GB
69,02/12/19-04:11:24,mongo,1.71%,3.438GiB / 7.696GiB,44.67%,35.7GB / 74.7GB
69,02/12/19-04:11:56,mongo,24.86%,3.476GiB / 7.696GiB,45.17%,35.7GB / 74.8GB
69,02/12/19-04:12:28,mongo,21.11%,3.476GiB / 7.696GiB,45.16%,36.5GB / 74.8GB
69,02/12/19-04:13:01,mongo,32.52%,3.475GiB / 7.696GiB,45.15%,37.2GB / 74.9GB
69,02/12/19-04:13:34,mongo,35.10%,3.474GiB / 7.696GiB,45.14%,37.5GB / 74.9GB
69,02/12/19-04:14:07,mongo,32.08%,3.472GiB / 7.696GiB,45.12%,37.7GB / 74.9GB
69,02/12/19-04:14:40,mongo,20.87%,3.47GiB / 7.696GiB,45.09%,38GB / 74.9GB
69,02/12/19-04:15:12,mongo,40.16%,3.47GiB / 7.696GiB,45.09%,38.5GB / 74.9GB
69,02/12/19-04:15:45,mongo,31.49%,3.469GiB / 7.696GiB,45.07%,39GB / 74.9GB
69,02/12/19-04:16:18,mongo,15.59%,3.467GiB / 7.696GiB,45.05%,39.7GB / 74.9GB
69,02/12/19-04:16:51,mongo,5.41%,3.467GiB / 7.696GiB,45.04%,40GB / 74.9GB
